antecedents,consequents,support,confidence,lift
frozenset({'20711'}),frozenset({'20712'}),0.011158301158301158,0.543233082706767,16.1350193143409
frozenset({'20711'}),frozenset({'21931'}),0.011505791505791505,0.5601503759398496,12.079845742582936
frozenset({'20711'}),frozenset({'22386'}),0.010888030888030888,0.5300751879699249,11.152678609602807
frozenset({'20711'}),frozenset({'22411'}),0.01027027027027027,0.5,10.909856781802866
frozenset({'20711'}),frozenset({'85099B'}),0.013436293436293436,0.6541353383458647,7.935412301244916
frozenset({'20711'}),frozenset({'DOT'}),0.01054054054054054,0.5131578947368421,18.719421793921423
frozenset({'20713'}),frozenset({'20712'}),0.010926640926640927,0.4198813056379822,12.471245201862088
frozenset({'20712'}),frozenset({'21931'}),0.017374517374517374,0.5160550458715597,11.128913978412486
frozenset({'22385'}),frozenset({'20712'}),0.011274131274131275,0.42196531791907516,12.533144190486293
frozenset({'20712'}),frozenset({'22386'}),0.016640926640926642,0.4942660550458716,10.39926143435262
frozenset({'20712'}),frozenset({'22411'}),0.015057915057915058,0.4472477064220184,9.758816846108068
frozenset({'20712'}),frozenset({'85099B'}),0.020772200772200773,0.6169724770642203,7.48458414799218
frozenset({'20712'}),frozenset({'DOT'}),0.013938223938223937,0.4139908256880734,15.10191885256493
frozenset({'DOT'}),frozenset({'20712'}),0.013938223938223937,0.5084507042253521,15.101918852564932
frozenset({'20713'}),frozenset({'21931'}),0.012316602316602317,0.4732937685459941,10.206751544830347
frozenset({'20713'}),frozenset({'22386'}),0.010888030888030888,0.41839762611275966,8.803004481170166
frozenset({'20713'}),frozenset({'85099B'}),0.015212355212355212,0.5845697329376854,7.091501678260446
frozenset({'20718'}),frozenset({'85099B'}),0.011196911196911196,0.5,6.065573770491803
frozenset({'20719'}),frozenset({'20723'}),0.015752895752895752,0.48398576512455516,17.07797182115256
frozenset({'20723'}),frozenset({'20719'}),0.015752895752895752,0.555858310626703,17.07797182115256
frozenset({'20719'}),frozenset({'20724'}),0.019575289575289576,0.601423487544484,14.83511269276394
frozenset({'20724'}),frozenset({'20719'}),0.019575289575289576,0.4828571428571428,14.835112692763937
frozenset({'20719'}),frozenset({'22355'}),0.017722007722007722,0.5444839857651246,15.756575677448858
frozenset({'22355'}),frozenset({'20719'}),0.017722007722007722,0.5128491620111733,15.756575677448858
frozenset({'20719'}),frozenset({'22356'}),0.015328185328185329,0.47093712930011866,16.049041643254043
frozenset({'22356'}),frozenset({'20719'}),0.015328185328185329,0.5223684210526316,16.049041643254043
frozenset({'23204'}),frozenset({'20719'}),0.011274131274131275,0.4940778341793571,15.179852793885349
frozenset({'20724'}),frozenset({'20723'}),0.01891891891891892,0.4666666666666667,16.466848319709356
frozenset({'20723'}),frozenset({'20724'}),0.01891891891891892,0.6675749318801091,16.466848319709356
frozenset({'20723'}),frozenset({'20725'}),0.011737451737451738,0.4141689373297003,6.671004649775645
frozenset({'22355'}),frozenset({'20723'}),0.01613899613899614,0.46703910614525146,16.479990257713915
frozenset({'20723'}),frozenset({'22355'}),0.01613899613899614,0.569482288828338,16.479990257713915
frozenset({'20723'}),frozenset({'22356'}),0.014749034749034749,0.5204359673024523,17.735909938333574
frozenset({'22356'}),frozenset({'20723'}),0.014749034749034749,0.5026315789473684,17.735909938333574
frozenset({'23204'}),frozenset({'20723'}),0.01,0.4382402707275804,15.463791569270208
frozenset({'20724'}),frozenset({'22355'}),0.019691119691119693,0.4857142857142857,14.05586592178771
frozenset({'22355'}),frozenset({'20724'}),0.019691119691119693,0.5698324022346369,14.05586592178771
frozenset({'20724'}),frozenset({'22356'}),0.020308880308880308,0.5009523809523809,17.0719298245614
frozenset({'22356'}),frozenset({'20724'}),0.020308880308880308,0.6921052631578947,17.0719298245614
frozenset({'23204'}),frozenset({'20724'}),0.01277992277992278,0.5600676818950932,13.815002820078963
frozenset({'20724'}),frozenset({'85099B'}),0.01671814671814672,0.4123809523809524,5.002654176424668
frozenset({'20726'}),frozenset({'20725'}),0.02054054054054054,0.5130183220829314,8.263168247480053
frozenset({'20725'}),frozenset({'20727'}),0.025019305019305018,0.40298507462686567,8.059701492537313
frozenset({'20727'}),frozenset({'20725'}),0.025019305019305018,0.5003861003861003,8.059701492537313
frozenset({'20728'}),frozenset({'20725'}),0.0216988416988417,0.47911338448422847,7.717062598346715
frozenset({'22356'}),frozenset({'20725'}),0.011853281853281853,0.40394736842105267,6.506366195339094
frozenset({'22382'}),frozenset({'20725'}),0.021737451737451736,0.4811965811965812,7.750616575243441
frozenset({'20725'}),frozenset({'22383'}),0.0255984555984556,0.41231343283582095,8.176813101414826
frozenset({'22383'}),frozenset({'20725'}),0.0255984555984556,0.5076569678407351,8.176813101414826
frozenset({'22384'}),frozenset({'20725'}),0.023667953667953667,0.5522522522522522,8.895107794361524
frozenset({'22662'}),frozenset({'20725'}),0.013822393822393822,0.518840579710145,8.35694714831639
frozenset({'23206'}),frozenset({'20725'}),0.01891891891891892,0.4671115347950429,7.523749223377868
frozenset({'23207'}),frozenset({'20725'}),0.012123552123552124,0.4169986719787517,6.716583087219943
frozenset({'23208'}),frozenset({'20725'}),0.011853281853281853,0.45684523809523814,7.358390339966833
frozenset({'23209'}),frozenset({'20725'}),0.017915057915057916,0.418018018018018,6.733001658374793
frozenset({'20726'}),frozenset({'20727'}),0.017335907335907334,0.4329797492767598,8.659594985535195
frozenset({'20726'}),frozenset({'20728'}),0.01756756756756757,0.43876567020250723,9.688005846756127
frozenset({'22382'}),frozenset({'20726'}),0.01864864864864865,0.41282051282051285,10.31056054199738
frozenset({'20726'}),frozenset({'22382'}),0.01864864864864865,0.4657666345226615,10.31056054199738
frozenset({'20726'}),frozenset({'22383'}),0.01749034749034749,0.4368370298939248,8.663153961908616
frozenset({'22662'}),frozenset({'20726'}),0.011003861003861004,0.41304347826086957,10.3161293027546
frozenset({'20728'}),frozenset({'20727'}),0.020308880308880308,0.44842284739982946,8.96845694799659
frozenset({'20727'}),frozenset({'20728'}),0.020308880308880308,0.4061776061776061,8.968456947996588
frozenset({'22382'}),frozenset({'20727'}),0.019806949806949806,0.43846153846153846,8.769230769230768
frozenset({'20727'}),frozenset({'22383'}),0.022664092664092663,0.4532818532818532,8.98928024502297
frozenset({'22383'}),frozenset({'20727'}),0.022664092664092663,0.4494640122511485,8.98928024502297
frozenset({'22384'}),frozenset({'20727'}),0.02111969111969112,0.4927927927927928,9.855855855855856
frozenset({'20727'}),frozenset({'22384'}),0.02111969111969112,0.4223938223938224,9.855855855855856
frozenset({'22662'}),frozenset({'20727'}),0.011660231660231661,0.4376811594202899,8.753623188405797
frozenset({'23207'}),frozenset({'20727'}),0.011776061776061776,0.40504648074369193,8.100929614873838
frozenset({'23208'}),frozenset({'20727'}),0.011351351351351352,0.43750000000000006,8.75
frozenset({'20728'}),frozenset({'22382'}),0.018803088803088803,0.4151747655583972,9.190620878600418
frozenset({'22382'}),frozenset({'20728'}),0.018803088803088803,0.41623931623931626,9.190620878600418
frozenset({'20728'}),frozenset({'22383'}),0.021003861003861004,0.46376811594202894,9.197239052755398
frozenset({'22383'}),frozenset({'20728'}),0.021003861003861004,0.4165390505359878,9.197239052755398
frozenset({'20728'}),frozenset({'22384'}),0.019575289575289576,0.4322250639386189,10.085251491901108
frozenset({'22384'}),frozenset({'20728'}),0.019575289575289576,0.45675675675675675,10.085251491901108
frozenset({'22662'}),frozenset({'20728'}),0.010694980694980694,0.40144927536231884,8.864054758639435
frozenset({'20971'}),frozenset({'20972'}),0.010463320463320464,0.5152091254752852,21.592097653414054
frozenset({'20972'}),frozenset({'20971'}),0.010463320463320464,0.43851132686084143,21.592097653414058
frozenset({'21086'}),frozenset({'21080'}),0.011428571428571429,0.6915887850467289,18.12970600476749
frozenset({'21094'}),frozenset({'21080'}),0.014285714285714285,0.7020872865275142,18.404919758160542
frozenset({'21094'}),frozenset({'21086'}),0.013513513513513514,0.6641366223908919,40.18957598113108
frozenset({'21086'}),frozenset({'21094'}),0.013513513513513514,0.8177570093457944,40.18957598113107
frozenset({'21136'}),frozenset({'84879'}),0.010038610038610039,0.6970509383378015,12.298105792199632
frozenset({'21166'}),frozenset({'21175'}),0.012818532818532818,0.4517006802721088,14.319519729556449
frozenset({'21175'}),frozenset({'21166'}),0.012818532818532818,0.4063647490820073,14.319519729556447
frozenset({'21166'}),frozenset({'21181'}),0.011814671814671815,0.4163265306122449,12.509115014915478
frozenset({'85152'}),frozenset({'21166'}),0.011467181467181467,0.43548387096774194,15.345622119815667
frozenset({'21166'}),frozenset({'85152'}),0.011467181467181467,0.4040816326530612,15.345622119815665
frozenset({'85152'}),frozenset({'21175'}),0.011351351351351352,0.4310850439882698,13.665976302688112
frozenset({'21213'}),frozenset({'21212'}),0.014401544401544402,0.5617469879518072,10.906481999963873
frozenset({'21975'}),frozenset({'21212'}),0.012355212355212355,0.5298013245033112,10.286247604674482
frozenset({'21977'}),frozenset({'21212'}),0.01671814671814672,0.49485714285714283,9.607796101949024
frozenset({'22417'}),frozenset({'21212'}),0.011621621621621621,0.5766283524904214,11.195408043104884
frozenset({'84991'}),frozenset({'21212'}),0.017683397683397682,0.547846889952153,10.636607533553795
frozenset({'84992'}),frozenset({'21212'}),0.0116988416988417,0.4894991922455574,9.503769924407747
frozenset({'21231'}),frozenset({'21232'}),0.013397683397683397,0.6473880597014925,18.88215174129353
frozenset({'21485'}),frozenset({'22111'}),0.01030888030888031,0.4231378763866878,14.086466578939865
frozenset({'DOT'}),frozenset({'21731'}),0.012084942084942084,0.4408450704225352,13.261193175312034
frozenset({'21733'}),frozenset({'85123A'}),0.019073359073359074,0.6551724137931034,7.555193907943623
frozenset({'21755'}),frozenset({'21754'}),0.011467181467181467,0.4706814580031696,15.490025110904817
frozenset({'21791'}),frozenset({'21790'}),0.013204633204633205,0.5597381342062193,15.605185872918279
frozenset({'21914'}),frozenset({'21915'}),0.012200772200772201,0.5223140495867769,20.16085526720942
frozenset({'21915'}),frozenset({'21914'}),0.012200772200772201,0.47093889716840537,20.16085526720942
frozenset({'21928'}),frozenset({'21929'}),0.015482625482625483,0.491421568627451,14.512906074630537
frozenset({'21929'}),frozenset({'21928'}),0.015482625482625483,0.4572405929304447,14.512906074630537
frozenset({'21928'}),frozenset({'21931'}),0.013783783783783784,0.4375,9.434845961698585
frozenset({'21928'}),frozenset({'22386'}),0.014826254826254825,0.47058823529411764,9.90108472308501
frozenset({'21928'}),frozenset({'22411'}),0.01563706563706564,0.4963235294117648,10.829637246642552
frozenset({'21928'}),frozenset({'85099B'}),0.02108108108108108,0.6691176470588236,8.117164898746385
frozenset({'21929'}),frozenset({'21931'}),0.014131274131274131,0.4173318129988598,8.999911704138608
frozenset({'21929'}),frozenset({'22386'}),0.014787644787644787,0.43671607753705816,9.188421127709022
frozenset({'21929'}),frozenset({'22411'}),0.016293436293436294,0.4811858608893957,10.499337655463647
frozenset({'21929'}),frozenset({'85099B'}),0.020154440154440154,0.5952109464082098,7.220591808886479
frozenset({'21930'}),frozenset({'21931'}),0.01416988416988417,0.518361581920904,11.178655263739728
frozenset({'21930'}),frozenset({'22386'}),0.01277992277992278,0.4675141242937853,9.836406026977286
frozenset({'21930'}),frozenset({'22411'}),0.011621621621621621,0.42514124293785305,9.276460144979271
frozenset({'21930'}),frozenset({'85099B'}),0.016023166023166023,0.5861581920903954,7.110771510604796
frozenset({'22385'}),frozenset({'21931'}),0.013397683397683397,0.5014450867052023,10.813844917289542
frozenset({'22386'}),frozenset({'21931'}),0.02,0.42079610073111295,9.074620323843318
frozenset({'21931'}),frozenset({'22386'}),0.02,0.4313072439633639,9.074620323843318
frozenset({'22411'}),frozenset({'21931'}),0.02027027027027027,0.4422914911541702,9.538176203907584
frozenset({'21931'}),frozenset({'22411'}),0.02027027027027027,0.43713572023313907,9.538176203907584
frozenset({'21931'}),frozenset({'85099B'}),0.0283011583011583,0.6103247293921732,7.403939340167346
frozenset({'85099C'}),frozenset({'21931'}),0.01633204633204633,0.44667370644139387,9.632680263806913
frozenset({'DOT'}),frozenset({'21931'}),0.01525096525096525,0.556338028169014,11.997631082079486
frozenset({'21932'}),frozenset({'21933'}),0.010810810810810811,0.6236080178173721,39.01315860258439
frozenset({'21933'}),frozenset({'21932'}),0.010810810810810811,0.676328502415459,39.01315860258439
frozenset({'21935'}),frozenset({'85099B'}),0.010888030888030888,0.5310734463276836,6.442530332499768
frozenset({'DOT'}),frozenset({'21935'}),0.012972972972972972,0.4732394366197183,23.08267685207289
frozenset({'21935'}),frozenset({'DOT'}),0.012972972972972972,0.6327683615819208,23.082676852072886
frozenset({'21975'}),frozenset({'84991'}),0.010038610038610039,0.4304635761589404,13.336132323584396
frozenset({'21977'}),frozenset({'84991'}),0.013667953667953668,0.4045714285714285,12.533971291866026
frozenset({'84991'}),frozenset({'21977'}),0.013667953667953668,0.423444976076555,12.533971291866028
frozenset({'22086'}),frozenset({'22910'}),0.02142857142857143,0.4743589743589744,14.766703648915188
frozenset({'22910'}),frozenset({'22086'}),0.02142857142857143,0.6670673076923076,14.766703648915186
frozenset({'22952'}),frozenset({'22086'}),0.01054054054054054,0.4382022471910112,9.700374531835205
frozenset({'22111'}),frozenset({'22112'}),0.012046332046332046,0.4010282776349614,11.993801836888569
frozenset({'22114'}),frozenset({'22112'}),0.012972972972972972,0.5153374233128833,15.41251647090494
frozenset({'22835'}),frozenset({'22112'}),0.01525096525096525,0.5957767722473604,17.818266052201654
frozenset({'22112'}),frozenset({'22835'}),0.01525096525096525,0.45612009237875284,17.818266052201654
frozenset({'22114'}),frozenset({'22835'}),0.01027027027027027,0.4079754601226993,15.937502891671057
frozenset({'22835'}),frozenset({'22114'}),0.01027027027027027,0.4012066365007541,15.937502891671059
frozenset({'22114'}),frozenset({'23355'}),0.010231660231660231,0.406441717791411,13.325114545313347
frozenset({'22617'}),frozenset({'22138'}),0.012934362934362934,0.6964656964656964,18.7705114864324
frozenset({'22141'}),frozenset({'22144'}),0.010733590733590733,0.6030368763557483,28.553299995637808
frozenset({'22144'}),frozenset({'22141'}),0.010733590733590733,0.5082266910420474,28.553299995637804
frozenset({'DOT'}),frozenset({'22197'}),0.012355212355212355,0.4507042253521127,8.095172979625325
frozenset({'22326'}),frozenset({'22328'}),0.012084942084942084,0.41789052069425897,18.129588753737533
frozenset({'22328'}),frozenset({'22326'}),0.012084942084942084,0.52428810720268,18.129588753737533
frozenset({'22355'}),frozenset({'22356'}),0.016023166023166023,0.46368715083798884,15.801970008820936
frozenset({'22356'}),frozenset({'22355'}),0.016023166023166023,0.5460526315789473,15.801970008820934
frozenset({'23204'}),frozenset({'22355'}),0.011737451737451738,0.5143824027072759,14.88547958672452
frozenset({'22381'}),frozenset({'22379'}),0.010617760617760617,0.5777310924369747,19.871494414498866
frozenset({'22379'}),frozenset({'85099B'}),0.016023166023166023,0.551128818061089,6.685825005986981
frozenset({'DOT'}),frozenset({'22379'}),0.013050193050193051,0.47605633802816905,16.374314946785628
frozenset({'22379'}),frozenset({'DOT'}),0.013050193050193051,0.44887118193891107,16.374314946785628
frozenset({'22382'}),frozenset({'22383'}),0.020733590733590733,0.45897435897435895,9.102171437546628
frozenset({'22383'}),frozenset({'22382'}),0.020733590733590733,0.4111791730474732,9.102171437546628
frozenset({'22662'}),frozenset({'22382'}),0.014980694980694981,0.5623188405797102,12.447912795738883
frozenset({'23207'}),frozenset({'22382'}),0.011853281853281853,0.4077025232403719,9.02520970250054
frozenset({'22384'}),frozenset({'22383'}),0.018223938223938224,0.4252252252252252,8.432873915262888
frozenset({'22662'}),frozenset({'22383'}),0.01308880308880309,0.491304347826087,9.743325121512752
frozenset({'23206'}),frozenset({'22383'}),0.017413127413127415,0.4299332697807436,8.526241720766661
frozenset({'23207'}),frozenset({'22383'}),0.012509652509652509,0.4302788844621514,8.533095794463799
frozenset({'23208'}),frozenset({'22383'}),0.011467181467181467,0.44196428571428575,8.764835375191424
frozenset({'22385'}),frozenset({'22386'}),0.013166023166023166,0.4927745664739885,10.367880805585948
frozenset({'22385'}),frozenset({'85099B'}),0.01667953667953668,0.6242774566473989,7.573201933099592
frozenset({'22386'}),frozenset({'85099B'}),0.03216216216216216,0.6766856214459789,8.20897311262335
frozenset({'85099C'}),frozenset({'22386'}),0.0161003861003861,0.440337909186906,9.264623759497049
frozenset({'85099F'}),frozenset({'22386'}),0.013474903474903474,0.42048192771084336,8.846857780431229
frozenset({'DOT'}),frozenset({'22386'}),0.01332046332046332,0.48591549295774644,10.223567236072814
frozenset({'22411'}),frozenset({'85099B'}),0.02637065637065637,0.5754001684919966,6.980264339083237
frozenset({'85099C'}),frozenset({'22411'}),0.01637065637065637,0.4477296726504752,9.769333211160326
frozenset({'DOT'}),frozenset({'22411'}),0.014015444015444016,0.5112676056338028,11.155712709280111
frozenset({'22697'}),frozenset({'22423'}),0.02,0.4900662251655629,5.843791543180516
frozenset({'22698'}),frozenset({'22423'}),0.015521235521235521,0.5012468827930174,5.977115222992244
frozenset({'22699'}),frozenset({'22423'}),0.020733590733590733,0.4794642857142857,5.717368784530387
frozenset({'DOT'}),frozenset({'22457'}),0.011196911196911196,0.40845070422535207,8.35613999955499
frozenset({'22469'}),frozenset({'22470'}),0.019073359073359074,0.4069192751235585,11.16441655264848
frozenset({'22470'}),frozenset({'22469'}),0.019073359073359074,0.5233050847457628,11.16441655264848
frozenset({'22554'}),frozenset({'22551'}),0.013204633204633205,0.4823695345557123,18.345625469886855
frozenset({'22551'}),frozenset({'22554'}),0.013204633204633205,0.5022026431718062,18.345625469886855
frozenset({'22556'}),frozenset({'22551'}),0.010424710424710425,0.4647160068846816,17.674221113529008
frozenset({'22556'}),frozenset({'22554'}),0.010926640926640927,0.4870912220309811,17.793600353458974
frozenset({'22577'}),frozenset({'22578'}),0.01501930501930502,0.7190388170055454,36.09128945822408
frozenset({'22578'}),frozenset({'22577'}),0.01501930501930502,0.7538759689922481,36.091289458224075
frozenset({'22579'}),frozenset({'22578'}),0.010888030888030888,0.8221574344023324,41.2672045562411
frozenset({'22578'}),frozenset({'22579'}),0.010888030888030888,0.5465116279069767,41.2672045562411
frozenset({'22624'}),frozenset({'22625'}),0.011660231660231661,0.4171270718232044,18.920474886551652
frozenset({'22625'}),frozenset({'22624'}),0.011660231660231661,0.5288966725043783,18.920474886551656
frozenset({'22630'}),frozenset({'22629'}),0.020772200772200773,0.6255813953488373,17.844227025919476
frozenset({'22629'}),frozenset({'22630'}),0.020772200772200773,0.5925110132158591,17.844227025919476
frozenset({'22663'}),frozenset({'85099B'}),0.010656370656370656,0.6106194690265486,7.40751487015813
frozenset({'22697'}),frozenset({'22698'}),0.024864864864864864,0.609271523178808,19.67597562385427
frozenset({'22698'}),frozenset({'22697'}),0.024864864864864864,0.8029925187032418,19.67597562385427
frozenset({'22697'}),frozenset({'22699'}),0.03027027027027027,0.7417218543046358,17.1523178807947
frozenset({'22699'}),frozenset({'22697'}),0.03027027027027027,0.7,17.1523178807947
frozenset({'DOT'}),frozenset({'22697'}),0.01277992277992278,0.46619718309859154,11.423374685197276
frozenset({'22699'}),frozenset({'22698'}),0.023706563706563707,0.5482142857142857,17.704177057356606
frozenset({'22698'}),frozenset({'22699'}),0.023706563706563707,0.7655860349127181,17.704177057356606
frozenset({'23170'}),frozenset({'22699'}),0.010772200772200773,0.6105032822757112,14.11788840262582
frozenset({'DOT'}),frozenset({'22699'}),0.01108108108108108,0.404225352112676,9.347711267605632
frozenset({'22722'}),frozenset({'22720'}),0.015907335907335906,0.48584905660377353,8.607038690860284
frozenset({'23243'}),frozenset({'22720'}),0.010694980694980694,0.5485148514851484,9.717191965434573
frozenset({'22725'}),frozenset({'22726'}),0.010733590733590733,0.6303854875283447,16.278149677950278
frozenset({'22725'}),frozenset({'22727'}),0.011428571428571429,0.671201814058957,16.081523574585553
frozenset({'22726'}),frozenset({'22727'}),0.02494208494208494,0.6440677966101696,15.431411593157623
frozenset({'22727'}),frozenset({'22726'}),0.02494208494208494,0.5975948196114708,15.431411593157621
frozenset({'22726'}),frozenset({'22728'}),0.016177606177606177,0.4177467597208375,13.541478193704245
frozenset({'22728'}),frozenset({'22726'}),0.016177606177606177,0.5244055068836045,13.541478193704245
frozenset({'22729'}),frozenset({'22726'}),0.010694980694980694,0.5982721382289417,15.448901675104278
frozenset({'22730'}),frozenset({'22726'}),0.012972972972972972,0.5763293310463121,14.882282825622617
frozenset({'22727'}),frozenset({'22728'}),0.018416988416988418,0.4412580943570768,14.303610317707497
frozenset({'22728'}),frozenset({'22727'}),0.018416988416988418,0.5969962453066333,14.303610317707495
frozenset({'22729'}),frozenset({'22727'}),0.011969111969111969,0.6695464362850971,16.041861886941735
frozenset({'22730'}),frozenset({'22727'}),0.014555984555984556,0.646655231560892,15.49340471547373
frozenset({'22730'}),frozenset({'22728'}),0.010772200772200773,0.47855917667238423,15.51274427511233
frozenset({'22745'}),frozenset({'22746'}),0.010115830115830116,0.6150234741784038,48.270024185517144
frozenset({'22746'}),frozenset({'22745'}),0.010115830115830116,0.793939393939394,48.270024185517144
frozenset({'22745'}),frozenset({'22748'}),0.012123552123552124,0.7370892018779344,43.38775074690568
frozenset({'22748'}),frozenset({'22745'}),0.012123552123552124,0.7136363636363636,43.387750746905674
frozenset({'22748'}),frozenset({'22746'}),0.010154440154440154,0.5977272727272727,46.912534435261705
frozenset({'22746'}),frozenset({'22748'}),0.010154440154440154,0.7969696969696969,46.9125344352617
frozenset({'22804'}),frozenset({'85123A'}),0.01308880308880309,0.7018633540372671,8.09361570327926
frozenset({'22866'}),frozenset({'22865'}),0.012934362934362934,0.600358422939068,23.31226859688435
frozenset({'22865'}),frozenset({'22866'}),0.012934362934362934,0.5022488755622189,23.31226859688435
frozenset({'22867'}),frozenset({'22865'}),0.012046332046332046,0.5551601423487544,21.55719293378222
frozenset({'22865'}),frozenset({'22867'}),0.012046332046332046,0.4677661169415292,21.557192933782215
frozenset({'22866'}),frozenset({'22867'}),0.011042471042471042,0.5125448028673835,23.62083700047194
frozenset({'22867'}),frozenset({'22866'}),0.011042471042471042,0.5088967971530248,23.62083700047194
frozenset({'22909'}),frozenset({'22952'}),0.01054054054054054,0.4424635332252836,18.394551381275836
frozenset({'22952'}),frozenset({'22909'}),0.01054054054054054,0.4382022471910112,18.394551381275832
frozenset({'22961'}),frozenset({'22960'}),0.01833976833976834,0.4045996592844975,8.589451783170889
frozenset({'DOT'}),frozenset({'22961'}),0.011428571428571429,0.4169014084507042,9.197399045036832
frozenset({'23171'}),frozenset({'23170'}),0.012432432432432432,0.8341968911917098,47.277241754628626
frozenset({'23170'}),frozenset({'23171'}),0.012432432432432432,0.7045951859956235,47.277241754628626
frozenset({'23172'}),frozenset({'23170'}),0.010501930501930502,0.8662420382165604,49.09336715494292
frozenset({'23170'}),frozenset({'23172'}),0.010501930501930502,0.5951859956236324,49.093367154942925
frozenset({'23171'}),frozenset({'23172'}),0.010888030888030888,0.7305699481865285,60.26038744595888
frozenset({'23172'}),frozenset({'23171'}),0.010888030888030888,0.8980891719745222,60.26038744595887
frozenset({'23200'}),frozenset({'23199'}),0.01583011583011583,0.6810631229235881,17.65719207579673
frozenset({'23199'}),frozenset({'23200'}),0.01583011583011583,0.41041041041041043,17.65719207579673
frozenset({'23201'}),frozenset({'23199'}),0.015289575289575289,0.43043478260869567,11.159420289855074
frozenset({'23202'}),frozenset({'23199'}),0.014131274131274131,0.41309255079006774,10.70980687233509
frozenset({'23199'}),frozenset({'23203'}),0.016563706563706565,0.42942942942942947,8.904901699137088
frozenset({'23199'}),frozenset({'85099B'}),0.02142857142857143,0.5555555555555556,6.739526411657559
frozenset({'23200'}),frozenset({'23202'}),0.012162162162162163,0.5232558139534884,15.296078534306265
frozenset({'23200'}),frozenset({'23203'}),0.014324324324324324,0.6162790697674418,12.779525946338467
frozenset({'23200'}),frozenset({'85099B'}),0.011351351351351352,0.48837209302325585,5.924513915364087
frozenset({'23201'}),frozenset({'23203'}),0.01444015444015444,0.4065217391304348,8.429874334250009
frozenset({'23201'}),frozenset({'85099B'}),0.016216216216216217,0.45652173913043487,5.538132573057734
frozenset({'23203'}),frozenset({'23202'}),0.02,0.4147317854283427,12.123649258006859
frozenset({'23202'}),frozenset({'23203'}),0.02,0.5846501128668172,12.123649258006859
frozenset({'23202'}),frozenset({'85099B'}),0.016486486486486488,0.48194130925507905,5.846501128668172
frozenset({'23203'}),frozenset({'23209'}),0.0194980694980695,0.40432345876701364,9.434214037896984
frozenset({'23209'}),frozenset({'23203'}),0.0194980694980695,0.45495495495495497,9.434214037896984
frozenset({'23203'}),frozenset({'85099B'}),0.022471042471042472,0.4659727782225781,5.652784522700127
frozenset({'23204'}),frozenset({'23206'}),0.011119691119691119,0.4873096446700508,12.031763390804876
frozenset({'23207'}),frozenset({'23206'}),0.014555984555984556,0.50066401062417,12.361485105020021
frozenset({'23208'}),frozenset({'23206'}),0.014015444015444016,0.5401785714285715,13.337106768350813
frozenset({'23206'}),frozenset({'23209'}),0.017065637065637067,0.4213536701620591,9.831585637114712
frozenset({'23208'}),frozenset({'23207'}),0.010888030888030888,0.41964285714285715,14.433930942895087
frozenset({'23208'}),frozenset({'23209'}),0.013204633204633205,0.5089285714285715,11.875000000000002
frozenset({'23295'}),frozenset({'23293'}),0.011853281853281853,0.6837416481069043,31.793372865294113
frozenset({'23293'}),frozenset({'23295'}),0.011853281853281853,0.5511669658886894,31.793372865294113
frozenset({'23296'}),frozenset({'23293'}),0.010077220077220077,0.6796875,31.604858617594257
frozenset({'23293'}),frozenset({'23296'}),0.010077220077220077,0.46858168761220825,31.604858617594257
frozenset({'23298'}),frozenset({'47566'}),0.018803088803088803,0.4201898188093183,6.379200648980858
frozenset({'23300'}),frozenset({'23301'}),0.021196911196911198,0.7176470588235294,20.11586452762923
frozenset({'23301'}),frozenset({'23300'}),0.021196911196911198,0.5941558441558441,20.11586452762923
frozenset({'23321'}),frozenset({'23322'}),0.011544401544401544,0.47235387045813587,21.350724685629526
frozenset({'23322'}),frozenset({'23321'}),0.011544401544401544,0.5218150087260034,21.350724685629523
frozenset({'23344'}),frozenset({'23343'}),0.012509652509652509,0.4481327800829875,23.78409631997823
frozenset({'23343'}),frozenset({'23344'}),0.012509652509652509,0.6639344262295082,23.784096319978232
frozenset({'47590A'}),frozenset({'47590B'}),0.010193050193050193,0.6717557251908397,43.71475699106218
frozenset({'47590B'}),frozenset({'47590A'}),0.010193050193050193,0.6633165829145728,43.71475699106218
frozenset({'82494L'}),frozenset({'82482'}),0.01972972972972973,0.5488721804511278,12.715375200075323
frozenset({'82482'}),frozenset({'82494L'}),0.01972972972972973,0.45706618962432916,12.715375200075322
frozenset({'82486'}),frozenset({'82483'}),0.011158301158301158,0.46166134185303515,20.404485928316742
frozenset({'82483'}),frozenset({'82486'}),0.011158301158301158,0.49317406143344705,20.404485928316742
frozenset({'82581'}),frozenset({'82580'}),0.011351351351351352,0.7170731707317074,29.20156465715601
frozenset({'82580'}),frozenset({'82581'}),0.011351351351351352,0.46226415094339623,29.20156465715601
frozenset({'84378'}),frozenset({'84380'}),0.012084942084942084,0.4542815674891146,16.905018100528835
frozenset({'84380'}),frozenset({'84378'}),0.012084942084942084,0.44971264367816094,16.905018100528835
frozenset({'84596F'}),frozenset({'84596B'}),0.013513513513513514,0.8027522935779817,39.75388987317347
frozenset({'84596B'}),frozenset({'84596F'}),0.013513513513513514,0.6692160611854684,39.75388987317347
frozenset({'84992'}),frozenset({'84991'}),0.010733590733590733,0.44911147011308555,13.913860138670952
frozenset({'85099C'}),frozenset({'85099B'}),0.022895752895752897,0.6261879619852165,7.596378555230495
frozenset({'85099F'}),frozenset({'85099B'}),0.021042471042471044,0.6566265060240964,7.965633023898874
frozenset({'DOT'}),frozenset({'85099B'}),0.018725868725868726,0.6830985915492958,8.286769799122604
"frozenset({'20712', '22386'})",frozenset({'21931'}),0.010772200772200773,0.6473317865429234,13.959944439185444
"frozenset({'20712', '21931'})",frozenset({'22386'}),0.010772200772200773,0.62,13.044679122664501
"frozenset({'22386', '21931'})",frozenset({'20712'}),0.010772200772200773,0.5386100386100386,15.997706422018352
"frozenset({'22411', '20712'})",frozenset({'21931'}),0.010617760617760617,0.7051282051282051,15.206345139733981
"frozenset({'22411', '21931'})",frozenset({'20712'}),0.010617760617760617,0.5238095238095237,15.558103975535166
"frozenset({'20712', '21931'})",frozenset({'22411'}),0.010617760617760617,0.611111111111111,13.334269399981277
"frozenset({'20712', '85099B'})",frozenset({'21931'}),0.012664092664092665,0.6096654275092936,13.147655763938973
"frozenset({'20712', '21931'})",frozenset({'85099B'}),0.012664092664092665,0.7288888888888889,8.842258652094717
"frozenset({'85099B', '21931'})",frozenset({'20712'}),0.012664092664092665,0.4474761255115962,13.290861984805439
"frozenset({'20712', 'DOT'})",frozenset({'21931'}),0.010038610038610039,0.7202216066481995,15.531839810315043
"frozenset({'20712', '21931'})",frozenset({'DOT'}),0.010038610038610039,0.5777777777777778,21.076682316118937
"frozenset({'DOT', '21931'})",frozenset({'20712'}),0.010038610038610039,0.6582278481012659,19.550574846127052
"frozenset({'20712', '22386'})",frozenset({'85099B'}),0.013243243243243243,0.7958236658932715,9.65425430755772
"frozenset({'20712', '85099B'})",frozenset({'22386'}),0.013243243243243243,0.637546468401487,13.413853396911872
"frozenset({'22386', '85099B'})",frozenset({'20712'}),0.013243243243243243,0.411764705882353,12.23016729627631
"frozenset({'22411', '20712'})",frozenset({'85099B'}),0.011467181467181467,0.7615384615384615,9.238335435056745
"frozenset({'22411', '85099B'})",frozenset({'20712'}),0.011467181467181467,0.4348462664714495,12.915731997259797
"frozenset({'20712', '85099B'})",frozenset({'22411'}),0.011467181467181467,0.5520446096654275,12.045455257232158
"frozenset({'20712', 'DOT'})",frozenset({'85099B'}),0.01054054054054054,0.7562326869806094,9.173970301076245
"frozenset({'20712', '85099B'})",frozenset({'DOT'}),0.01054054054054054,0.5074349442379182,18.51065500811561
"frozenset({'DOT', '85099B'})",frozenset({'20712'}),0.01054054054054054,0.5628865979381443,16.718764778208644
"frozenset({'20719', '20724'})",frozenset({'20723'}),0.012664092664092665,0.6469428007889546,22.82809065454213
"frozenset({'20719', '20723'})",frozenset({'20724'}),0.012664092664092665,0.803921568627451,19.830065359477125
"frozenset({'20724', '20723'})",frozenset({'20719'}),0.012664092664092665,0.6693877551020408,20.5660057617353
frozenset({'20723'}),"frozenset({'20719', '20724'})",0.012664092664092665,0.44686648501362397,22.82809065454213
"frozenset({'20719', '22355'})",frozenset({'20723'}),0.011737451737451738,0.6623093681917211,23.370316943004873
"frozenset({'20719', '20723'})",frozenset({'22355'}),0.011737451737451738,0.7450980392156864,21.56205498959361
"frozenset({'22355', '20723'})",frozenset({'20719'}),0.011737451737451738,0.7272727272727273,22.34444084977893
frozenset({'20723'}),"frozenset({'20719', '22355'})",0.011737451737451738,0.4141689373297003,23.370316943004873
"frozenset({'20719', '20723'})",frozenset({'22356'}),0.010193050193050193,0.6470588235294118,22.05108359133127
"frozenset({'20719', '22356'})",frozenset({'20723'}),0.010193050193050193,0.6649874055415617,23.464814446221318
"frozenset({'20723', '22356'})",frozenset({'20719'}),0.010193050193050193,0.6910994764397905,21.233068137355367
"frozenset({'20719', '20724'})",frozenset({'22355'}),0.01301158301158301,0.6646942800788954,19.23528698775798
"frozenset({'20719', '22355'})",frozenset({'20724'}),0.01301158301158301,0.7342047930283224,18.11038489469862
"frozenset({'20724', '22355'})",frozenset({'20719'}),0.01301158301158301,0.6607843137254901,20.30167701718884
"frozenset({'20719', '20724'})",frozenset({'22356'}),0.012586872586872588,0.6429980276134123,21.912695941036024
"frozenset({'20719', '22356'})",frozenset({'20724'}),0.012586872586872588,0.8211586901763225,20.255247691015953
"frozenset({'20724', '22356'})",frozenset({'20719'}),0.012586872586872588,0.6197718631178708,19.041626636717503
frozenset({'22356'}),"frozenset({'20719', '20724'})",0.012586872586872588,0.4289473684210527,21.912695941036024
"frozenset({'20719', '22355'})",frozenset({'22356'}),0.011351351351351352,0.6405228758169935,21.828345373237017
"frozenset({'20719', '22356'})",frozenset({'22355'}),0.011351351351351352,0.7405541561712846,21.430561614342203
"frozenset({'22355', '22356'})",frozenset({'20719'}),0.011351351351351352,0.708433734939759,21.765639068730437
"frozenset({'20724', '22355'})",frozenset({'20723'}),0.012972972972972972,0.6588235294117646,23.247315274883793
"frozenset({'20724', '20723'})",frozenset({'22355'}),0.012972972972972972,0.6857142857142856,19.843575418994412
"frozenset({'22355', '20723'})",frozenset({'20724'}),0.012972972972972972,0.8038277511961721,19.827751196172244
frozenset({'20723'}),"frozenset({'20724', '22355'})",0.012972972972972972,0.45776566757493187,23.247315274883793
"frozenset({'20724', '20723'})",frozenset({'22356'}),0.012664092664092665,0.6693877551020408,22.81203007518797
"frozenset({'20724', '22356'})",frozenset({'20723'}),0.012664092664092665,0.623574144486692,22.00350182861761
"frozenset({'20723', '22356'})",frozenset({'20724'}),0.012664092664092665,0.8586387434554974,21.179755671902267
frozenset({'20723'}),"frozenset({'20724', '22356'})",0.012664092664092665,0.44686648501362397,22.00350182861761
frozenset({'22356'}),"frozenset({'20724', '20723'})",0.012664092664092665,0.43157894736842106,22.81203007518797
"frozenset({'22355', '20723'})",frozenset({'22356'}),0.01054054054054054,0.6531100478468899,22.257302946361115
"frozenset({'22355', '22356'})",frozenset({'20723'}),0.01054054054054054,0.6578313253012048,23.212304257903547
"frozenset({'20723', '22356'})",frozenset({'22355'}),0.01054054054054054,0.7146596858638744,20.681213255725527
"frozenset({'20724', '22355'})",frozenset({'20725'}),0.010077220077220077,0.5117647058823529,8.242976294995609
"frozenset({'20724', '20725'})",frozenset({'22355'}),0.010077220077220077,0.6574307304785894,19.025090412732364
"frozenset({'20725', '22355'})",frozenset({'20724'}),0.010077220077220077,0.75,18.5
"frozenset({'20724', '22355'})",frozenset({'22356'}),0.012818532818532818,0.6509803921568627,22.18472652218782
"frozenset({'20724', '22356'})",frozenset({'22355'}),0.012818532818532818,0.6311787072243347,18.265394991184657
"frozenset({'22355', '22356'})",frozenset({'20724'}),0.012818532818532818,0.8,19.733333333333334
frozenset({'22356'}),"frozenset({'20724', '22355'})",0.012818532818532818,0.4368421052631579,22.184726522187823
"frozenset({'20726', '20725'})",frozenset({'20727'}),0.011196911196911196,0.5451127819548872,10.902255639097744
"frozenset({'20726', '20727'})",frozenset({'20725'}),0.011196911196911196,0.6458797327394209,10.403162361909827
"frozenset({'20725', '20727'})",frozenset({'20726'}),0.011196911196911196,0.44753086419753085,11.177482529137944
"frozenset({'20728', '20726'})",frozenset({'20725'}),0.010926640926640927,0.621978021978022,10.018178339073861
"frozenset({'20728', '20725'})",frozenset({'20726'}),0.010926640926640927,0.50355871886121,12.576828175993574
"frozenset({'20726', '20725'})",frozenset({'20728'}),0.010926640926640927,0.5319548872180452,11.745636469690853
"frozenset({'22382', '20725'})",frozenset({'20726'}),0.011853281853281853,0.5452930728241563,13.619180893100912
"frozenset({'22382', '20726'})",frozenset({'20725'}),0.011853281853281853,0.6356107660455487,10.237760472997332
"frozenset({'20726', '20725'})",frozenset({'22382'}),0.011853281853281853,0.5770676691729324,12.774403958614487
"frozenset({'20726', '20725'})",frozenset({'22383'}),0.012123552123552124,0.5902255639097745,11.70508583863948
"frozenset({'20726', '22383'})",frozenset({'20725'}),0.012123552123552124,0.6931567328918322,11.164651356902024
"frozenset({'20725', '22383'})",frozenset({'20726'}),0.012123552123552124,0.473604826546003,11.828702996664877
"frozenset({'22384', '20725'})",frozenset({'20726'}),0.011042471042471042,0.46655791190864604,11.652700017776212
"frozenset({'22384', '20726'})",frozenset({'20725'}),0.011042471042471042,0.713216957605985,11.487760697758093
"frozenset({'20726', '20725'})",frozenset({'22384'}),0.011042471042471042,0.5375939849624061,12.543859649122808
"frozenset({'20728', '20725'})",frozenset({'20727'}),0.012509652509652509,0.5765124555160142,11.530249110320282
"frozenset({'20728', '20727'})",frozenset({'20725'}),0.012509652509652509,0.6159695817490494,9.921400601554963
"frozenset({'20725', '20727'})",frozenset({'20728'}),0.012509652509652509,0.5,11.04006820119352
"frozenset({'22382', '20725'})",frozenset({'20727'}),0.012277992277992278,0.5648312611012434,11.296625222024867
"frozenset({'22382', '20727'})",frozenset({'20725'}),0.012277992277992278,0.6198830409356726,9.984434552384279
"frozenset({'20725', '20727'})",frozenset({'22382'}),0.012277992277992278,0.49074074074074076,10.86340614118392
"frozenset({'20725', '20727'})",frozenset({'22383'}),0.013938223938223937,0.5570987654320988,11.048130187359387
"frozenset({'20725', '22383'})",frozenset({'20727'}),0.013938223938223937,0.5444947209653092,10.889894419306183
"frozenset({'20727', '22383'})",frozenset({'20725'}),0.013938223938223937,0.6149914821124361,9.905646384771204
"frozenset({'22384', '20725'})",frozenset({'20727'}),0.013976833976833978,0.5905383360522023,11.810766721044045
"frozenset({'22384', '20727'})",frozenset({'20725'}),0.013976833976833978,0.6617915904936015,10.659454100612113
"frozenset({'20725', '20727'})",frozenset({'22384'}),0.013976833976833978,0.558641975308642,13.034979423868313
"frozenset({'23206', '20725'})",frozenset({'20727'}),0.010501930501930502,0.5551020408163265,11.10204081632653
"frozenset({'23206', '20727'})",frozenset({'20725'}),0.010501930501930502,0.655421686746988,10.556854282802853
"frozenset({'20725', '20727'})",frozenset({'23206'}),0.010501930501930502,0.4197530864197531,10.363779731431464
"frozenset({'20728', '22382'})",frozenset({'20725'}),0.011428571428571429,0.6078028747433265,9.789859736226465
"frozenset({'20728', '20725'})",frozenset({'22382'}),0.011428571428571429,0.5266903914590747,11.65921464853849
"frozenset({'22382', '20725'})",frozenset({'20728'}),0.011428571428571429,0.5257548845470693,11.60873956502054
"frozenset({'20728', '20725'})",frozenset({'22383'}),0.013166023166023166,0.6067615658362989,12.03302033320072
"frozenset({'20728', '22383'})",frozenset({'20725'}),0.013166023166023166,0.6268382352941176,10.096461625695055
"frozenset({'20725', '22383'})",frozenset({'20728'}),0.013166023166023166,0.5143288084464555,11.356450246174932
"frozenset({'20728', '22384'})",frozenset({'20725'}),0.012548262548262547,0.641025641025641,10.324977675723943
"frozenset({'20728', '20725'})",frozenset({'22384'}),0.012548262548262547,0.5782918149466192,13.49347568208778
"frozenset({'22384', '20725'})",frozenset({'20728'}),0.012548262548262547,0.5301794453507341,11.706434471086116
"frozenset({'22382', '20725'})",frozenset({'22383'}),0.012818532818532818,0.5896980461811723,11.694624346165668
"frozenset({'22382', '22383'})",frozenset({'20725'}),0.012818532818532818,0.6182495344506518,9.958123720318333
"frozenset({'20725', '22383'})",frozenset({'22382'}),0.012818532818532818,0.5007541478129713,11.085070451586288
"frozenset({'22382', '20725'})",frozenset({'22384'}),0.011312741312741313,0.5204262877442274,12.143280047365305
"frozenset({'22382', '22384'})",frozenset({'20725'}),0.011312741312741313,0.679814385150812,10.949746626496289
"frozenset({'22384', '20725'})",frozenset({'22382'}),0.011312741312741313,0.4779771615008157,10.580861951171904
"frozenset({'22384', '20725'})",frozenset({'22383'}),0.012895752895752895,0.5448613376835236,10.805443067383814
"frozenset({'22384', '22383'})",frozenset({'20725'}),0.012895752895752895,0.7076271186440678,11.3977253562695
"frozenset({'20725', '22383'})",frozenset({'22384'}),0.012895752895752895,0.5037707390648567,11.754650578179989
"frozenset({'23206', '20725'})",frozenset({'22383'}),0.010965250965250965,0.5795918367346938,11.494202581492013
"frozenset({'23206', '22383'})",frozenset({'20725'}),0.010965250965250965,0.6297117516629711,10.142745253775468
"frozenset({'20725', '22383'})",frozenset({'23206'}),0.010965250965250965,0.42835595776772245,10.576186183206875
"frozenset({'22382', '20727'})",frozenset({'20726'}),0.010154440154440154,0.5126705653021443,12.804404668587788
"frozenset({'22382', '20726'})",frozenset({'20727'}),0.010154440154440154,0.5445134575569358,10.890269151138716
"frozenset({'20726', '20727'})",frozenset({'22382'}),0.010154440154440154,0.5857461024498887,12.96651628500181
"frozenset({'20726', '20727'})",frozenset({'22383'}),0.010463320463320464,0.6035634743875279,11.96959723325955
"frozenset({'20726', '22383'})",frozenset({'20727'}),0.010463320463320464,0.5982339955849889,11.964679911699777
"frozenset({'20727', '22383'})",frozenset({'20726'}),0.010463320463320464,0.4616695059625213,11.5306077188325
"frozenset({'20728', '22382'})",frozenset({'20726'}),0.010193050193050193,0.542094455852156,13.539292581071205
"frozenset({'20728', '20726'})",frozenset({'22382'}),0.010193050193050193,0.5802197802197802,12.844181459566075
"frozenset({'22382', '20726'})",frozenset({'20728'}),0.010193050193050193,0.5465838509316769,12.068645983913411
"frozenset({'20728', '20726'})",frozenset({'22383'}),0.01,0.5692307692307692,11.288726587348332
"frozenset({'20728', '22383'})",frozenset({'20726'}),0.01,0.4761029411764706,11.89109563786942
"frozenset({'20726', '22383'})",frozenset({'20728'}),0.01,0.5717439293598233,12.62418394750164
"frozenset({'22382', '20726'})",frozenset({'22383'}),0.010077220077220077,0.5403726708074534,10.716425860576603
"frozenset({'22382', '22383'})",frozenset({'20726'}),0.010077220077220077,0.4860335195530726,12.139120690862661
"frozenset({'20726', '22383'})",frozenset({'22382'}),0.010077220077220077,0.5761589403973509,12.754287654949906
"frozenset({'20728', '22382'})",frozenset({'20727'}),0.011042471042471042,0.5872689938398358,11.745379876796715
"frozenset({'20728', '20727'})",frozenset({'22382'}),0.011042471042471042,0.5437262357414449,12.036332910857626
"frozenset({'22382', '20727'})",frozenset({'20728'}),0.011042471042471042,0.557504873294347,12.309783647334685
"frozenset({'20728', '20727'})",frozenset({'22383'}),0.012162162162162163,0.5988593155893537,11.876306488334043
"frozenset({'20728', '22383'})",frozenset({'20727'}),0.012162162162162163,0.5790441176470589,11.580882352941178
"frozenset({'20727', '22383'})",frozenset({'20728'}),0.012162162162162163,0.536626916524702,11.848795514057784
"frozenset({'20728', '22384'})",frozenset({'20727'}),0.012007722007722007,0.6134122287968441,12.268244575936881
"frozenset({'20728', '20727'})",frozenset({'22384'}),0.012007722007722007,0.591254752851711,13.79594423320659
"frozenset({'22384', '20727'})",frozenset({'20728'}),0.012007722007722007,0.5685557586837294,12.553788704099397
"frozenset({'22382', '20727'})",frozenset({'22383'}),0.012084942084942084,0.6101364522417154,12.099949550582258
"frozenset({'22382', '22383'})",frozenset({'20727'}),0.012084942084942084,0.5828677839851024,11.657355679702048
"frozenset({'20727', '22383'})",frozenset({'22382'}),0.012084942084942084,0.5332197614991482,11.803753694724733
"frozenset({'22382', '20727'})",frozenset({'22384'}),0.01027027027027027,0.5185185185185185,12.098765432098764
"frozenset({'22382', '22384'})",frozenset({'20727'}),0.01027027027027027,0.6171693735498839,12.343387470997676
"frozenset({'22384', '20727'})",frozenset({'22382'}),0.01027027027027027,0.486288848263254,10.764855700870324
"frozenset({'22384', '20727'})",frozenset({'22383'}),0.011196911196911196,0.5301645338208408,10.513982715129998
"frozenset({'22384', '22383'})",frozenset({'20727'}),0.011196911196911196,0.6144067796610169,12.288135593220337
"frozenset({'20727', '22383'})",frozenset({'22384'}),0.011196911196911196,0.4940374787052811,11.527541169789892
"frozenset({'23206', '20727'})",frozenset({'22383'}),0.010347490347490348,0.6457831325301205,12.806878355689221
"frozenset({'23206', '22383'})",frozenset({'20727'}),0.010347490347490348,0.5942350332594235,11.88470066518847
"frozenset({'20727', '22383'})",frozenset({'23206'}),0.010347490347490348,0.4565587734241908,11.272518809996704
"frozenset({'20728', '22382'})",frozenset({'22383'}),0.011660231660231661,0.620123203285421,12.29800227036172
"frozenset({'20728', '22383'})",frozenset({'22382'}),0.011660231660231661,0.5551470588235294,12.28915284062343
"frozenset({'22382', '22383'})",frozenset({'20728'}),0.011660231660231661,0.5623836126629423,12.417506878064966
"frozenset({'20728', '22382'})",frozenset({'22384'}),0.01027027027027027,0.5462012320328542,12.744695414099931
"frozenset({'20728', '22384'})",frozenset({'22382'}),0.01027027027027027,0.5246548323471399,11.614153981017884
"frozenset({'22382', '22384'})",frozenset({'20728'}),0.01027027027027027,0.6171693735498839,13.627183951357196
"frozenset({'20728', '22384'})",frozenset({'22383'}),0.010424710424710425,0.5325443786982249,10.561178719972455
"frozenset({'20728', '22383'})",frozenset({'22384'}),0.010424710424710425,0.4963235294117647,11.580882352941178
"frozenset({'22384', '22383'})",frozenset({'20728'}),0.010424710424710425,0.5720338983050848,12.63058650136547
"frozenset({'21094', '21080'})",frozenset({'21086'}),0.010231660231660231,0.7162162162162162,43.3411214953271
"frozenset({'21094', '21086'})",frozenset({'21080'}),0.010231660231660231,0.757142857142857,19.848178137651818
"frozenset({'21080', '21086'})",frozenset({'21094'}),0.010231660231660231,0.8952702702702702,43.99905123339658
frozenset({'21094'}),"frozenset({'21080', '21086'})",0.010231660231660231,0.5028462998102466,43.99905123339658
frozenset({'21086'}),"frozenset({'21094', '21080'})",0.010231660231660231,0.6191588785046729,43.3411214953271
"frozenset({'21928', '21929'})",frozenset({'85099B'}),0.011119691119691119,0.7182044887780548,8.712644617963287
"frozenset({'21928', '85099B'})",frozenset({'21929'}),0.011119691119691119,0.5274725274725275,15.577580913954918
"frozenset({'21929', '85099B'})",frozenset({'21928'}),0.011119691119691119,0.5517241379310345,17.51183231913455
"frozenset({'21928', '85099B'})",frozenset({'21931'}),0.010965250965250965,0.5201465201465202,11.217148103076497
"frozenset({'21928', '21931'})",frozenset({'85099B'}),0.010965250965250965,0.7955182072829132,9.6505487440878
"frozenset({'21928', '22386'})",frozenset({'85099B'}),0.012355212355212355,0.8333333333333334,10.109289617486338
"frozenset({'21928', '85099B'})",frozenset({'22386'}),0.012355212355212355,0.5860805860805861,12.3310212668458
"frozenset({'22411', '21928'})",frozenset({'85099B'}),0.012162162162162163,0.7777777777777778,9.435336976320583
"frozenset({'22411', '85099B'})",frozenset({'21928'}),0.012162162162162163,0.4612005856515374,14.638597020067179
"frozenset({'21928', '85099B'})",frozenset({'22411'}),0.012162162162162163,0.576923076923077,12.588296286695615
"frozenset({'21929', '85099B'})",frozenset({'21931'}),0.010386100386100387,0.5153256704980843,11.113184734305065
"frozenset({'21929', '21931'})",frozenset({'85099B'}),0.010386100386100387,0.7349726775956285,8.916061990504344
"frozenset({'21929', '22386'})",frozenset({'85099B'}),0.011467181467181467,0.7754569190600522,9.407182296794076
"frozenset({'21929', '85099B'})",frozenset({'22386'}),0.011467181467181467,0.5689655172413793,11.970923555281662
"frozenset({'22411', '21929'})",frozenset({'85099B'}),0.011312741312741313,0.6943127962085308,8.42281097039857
"frozenset({'22411', '85099B'})",frozenset({'21929'}),0.011312741312741313,0.42898975109809667,12.669138601414714
"frozenset({'21929', '85099B'})",frozenset({'22411'}),0.011312741312741313,0.5613026819923372,12.247463743556475
"frozenset({'21930', '85099B'})",frozenset({'21931'}),0.01,0.6240963855421687,13.458864600784489
"frozenset({'21930', '21931'})",frozenset({'85099B'}),0.01,0.7057220708446866,8.561218564345378
"frozenset({'22411', '22386'})",frozenset({'21931'}),0.011969111969111969,0.6567796610169492,14.163691274220636
"frozenset({'22411', '21931'})",frozenset({'22386'}),0.011969111969111969,0.5904761904761904,12.423503926347141
"frozenset({'22386', '21931'})",frozenset({'22411'}),0.011969111969111969,0.5984555984555985,13.058129738837406
"frozenset({'22386', '85099B'})",frozenset({'21931'}),0.016061776061776063,0.4993997599039617,10.769736704007167
"frozenset({'22386', '21931'})",frozenset({'85099B'}),0.016061776061776063,0.8030888030888031,9.742388758782202
"frozenset({'85099B', '21931'})",frozenset({'22386'}),0.016061776061776063,0.567530695770805,11.940735191278513
"frozenset({'22411', '85099B'})",frozenset({'21931'}),0.015096525096525096,0.5724743777452416,12.345617305247092
"frozenset({'22411', '21931'})",frozenset({'85099B'}),0.015096525096525096,0.7447619047619047,9.034816549570648
"frozenset({'85099B', '21931'})",frozenset({'22411'}),0.015096525096525096,0.5334242837653479,11.639165079631432
"frozenset({'85099B', '23199'})",frozenset({'21931'}),0.010965250965250965,0.5117117117117117,11.035248404107689
"frozenset({'23199', '21931'})",frozenset({'85099B'}),0.010965250965250965,0.7493403693931399,9.090358579523336
"frozenset({'85099B', '85099C'})",frozenset({'21931'}),0.012316602316602317,0.5379426644182125,11.600928400026397
"frozenset({'85099B', '21931'})",frozenset({'85099C'}),0.012316602316602317,0.4351978171896317,11.902453500751278
"frozenset({'21931', '85099C'})",frozenset({'85099B'}),0.012316602316602317,0.7541371158392436,9.148548618377708
"frozenset({'DOT', '85099B'})",frozenset({'21931'}),0.011119691119691119,0.5938144329896907,12.805823325922557
"frozenset({'DOT', '21931'})",frozenset({'85099B'}),0.011119691119691119,0.7291139240506329,8.844988586843742
frozenset({'DOT'}),"frozenset({'85099B', '21931'})",0.011119691119691119,0.40563380281690137,14.332763291893242
"frozenset({'22386', '22385'})",frozenset({'85099B'}),0.010231660231660231,0.7771260997067448,9.427431373491657
"frozenset({'85099B', '22385'})",frozenset({'22386'}),0.010231660231660231,0.6134259259259259,12.906361885850107
"frozenset({'22411', '22386'})",frozenset({'85099B'}),0.014671814671814672,0.8050847457627118,9.766601833842733
"frozenset({'22411', '85099B'})",frozenset({'22386'}),0.014671814671814672,0.5563689604685212,11.705894456648823
"frozenset({'22386', '85099B'})",frozenset({'22411'}),0.014671814671814672,0.45618247298919573,9.95377089336156
"frozenset({'22386', '23199'})",frozenset({'85099B'}),0.011312741312741313,0.7940379403794039,9.632591407881293
"frozenset({'85099B', '23199'})",frozenset({'22386'}),0.011312741312741313,0.527927927927928,11.107500676956406
"frozenset({'22386', '85099C'})",frozenset({'85099B'}),0.012664092664092665,0.7865707434052759,9.542005739670559
"frozenset({'85099B', '85099C'})",frozenset({'22386'}),0.012664092664092665,0.5531197301854974,11.637531284975129
"frozenset({'22386', '85099F'})",frozenset({'85099B'}),0.010810810810810811,0.8022922636103152,9.732725820846447
"frozenset({'85099B', '85099F'})",frozenset({'22386'}),0.010810810810810811,0.5137614678899083,10.809441119698315
"frozenset({'22386', 'DOT'})",frozenset({'85099B'}),0.010694980694980694,0.8028985507246377,9.74008077928249
"frozenset({'DOT', '85099B'})",frozenset({'22386'}),0.010694980694980694,0.5711340206185567,12.016548443558586
"frozenset({'22411', '85099B'})",frozenset({'85099C'}),0.012123552123552124,0.4597364568081992,12.573573633930685
"frozenset({'22411', '85099C'})",frozenset({'85099B'}),0.012123552123552124,0.7405660377358491,8.983915867615218
"frozenset({'85099B', '85099C'})",frozenset({'22411'}),0.012123552123552124,0.5295109612141653,11.55377750248263
"frozenset({'22411', 'DOT'})",frozenset({'85099B'}),0.010810810810810811,0.7713498622589532,9.357358984780744
"frozenset({'22411', '85099B'})",frozenset({'DOT'}),0.010810810810810811,0.4099560761346999,14.954735735054546
"frozenset({'DOT', '85099B'})",frozenset({'22411'}),0.010810810810810811,0.577319587628866,12.596948036720836
"frozenset({'22697', '22423'})",frozenset({'22698'}),0.013359073359073359,0.667953667953668,21.571072319201996
"frozenset({'22697', '22698'})",frozenset({'22423'}),0.013359073359073359,0.5372670807453416,6.406637841300344
"frozenset({'22423', '22698'})",frozenset({'22697'}),0.013359073359073359,0.8606965174129353,21.08991466508517
frozenset({'22698'}),"frozenset({'22697', '22423'})",0.013359073359073359,0.4314214463840399,21.571072319201996
"frozenset({'22697', '22423'})",frozenset({'22699'}),0.015907335907335906,0.7953667953667953,18.392857142857142
"frozenset({'22697', '22699'})",frozenset({'22423'}),0.015907335907335906,0.5255102040816326,6.26644304130492
"frozenset({'22423', '22699'})",frozenset({'22697'}),0.015907335907335906,0.7672253258845437,18.79956096538286
"frozenset({'22423', '22699'})",frozenset({'22698'}),0.01301158301158301,0.62756052141527,20.266605367400864
"frozenset({'22423', '22698'})",frozenset({'22699'}),0.01301158301158301,0.8383084577114427,19.38588308457711
"frozenset({'22699', '22698'})",frozenset({'22423'}),0.01301158301158301,0.5488599348534201,6.5448767553883895
frozenset({'22698'}),"frozenset({'22423', '22699'})",0.01301158301158301,0.42019950124688277,20.266605367400864
"frozenset({'22697', '22699'})",frozenset({'22698'}),0.021196911196911198,0.7002551020408164,22.614223370146068
"frozenset({'22697', '22698'})",frozenset({'22699'}),0.021196911196911198,0.8524844720496895,19.71370341614907
"frozenset({'22699', '22698'})",frozenset({'22697'}),0.021196911196911198,0.8941368078175896,21.909312509437626
frozenset({'22697'}),"frozenset({'22699', '22698'})",0.021196911196911198,0.5193945127719962,21.909312509437626
frozenset({'22699'}),"frozenset({'22697', '22698'})",0.021196911196911198,0.4901785714285714,19.71370341614907
frozenset({'22698'}),"frozenset({'22697', '22699'})",0.021196911196911198,0.6845386533665836,22.614223370146064
"frozenset({'22726', '22727'})",frozenset({'22728'}),0.012123552123552124,0.4860681114551084,15.756150296229423
"frozenset({'22726', '22728'})",frozenset({'22727'}),0.012123552123552124,0.7494033412887829,17.955177187215057
"frozenset({'22727', '22728'})",frozenset({'22726'}),0.012123552123552124,0.6582809224318659,16.998480449636418
"frozenset({'22726', '22727'})",frozenset({'22730'}),0.010077220077220077,0.4040247678018576,17.94895623682352
"frozenset({'22726', '22730'})",frozenset({'22727'}),0.010077220077220077,0.7767857142857143,18.611239592969472
"frozenset({'22727', '22730'})",frozenset({'22726'}),0.010077220077220077,0.6923076923076923,17.87713781731728
frozenset({'22730'}),"frozenset({'22726', '22727'})",0.010077220077220077,0.4476843910806175,17.94895623682352
"frozenset({'23203', '23200'})",frozenset({'23199'}),0.010424710424710425,0.7277628032345014,18.867924528301888
"frozenset({'23203', '23199'})",frozenset({'23200'}),0.010424710424710425,0.6293706293706294,27.0775735892015
"frozenset({'23200', '23199'})",frozenset({'23203'}),0.010424710424710425,0.6585365853658537,13.655802690933236
frozenset({'23200'}),"frozenset({'23203', '23199'})",0.010424710424710425,0.44850498338870437,27.077573589201496
"frozenset({'23203', '85099B'})",frozenset({'23199'}),0.01027027027027027,0.45704467353951883,11.849306351024563
"frozenset({'23203', '23199'})",frozenset({'85099B'}),0.01027027027027027,0.6200466200466199,7.52187703007375
"frozenset({'85099B', '23199'})",frozenset({'23203'}),0.01027027027027027,0.4792792792792792,9.938617560715238
"frozenset({'23203', '23202'})",frozenset({'85099B'}),0.011428571428571429,0.5714285714285714,6.932084309133488
"frozenset({'23203', '85099B'})",frozenset({'23202'}),0.011428571428571429,0.5085910652920962,14.86739118630394
"frozenset({'23202', '85099B'})",frozenset({'23203'}),0.011428571428571429,0.6932084309133488,14.374778511333655
"frozenset({'20719', '20724', '22355'})",frozenset({'20723'}),0.010077220077220077,0.7744807121661722,27.32840660095894
"frozenset({'20719', '20724', '20723'})",frozenset({'22355'}),0.010077220077220077,0.7957317073170731,23.027319798337647
"frozenset({'20719', '22355', '20723'})",frozenset({'20724'}),0.010077220077220077,0.8585526315789473,21.177631578947366
"frozenset({'20724', '22355', '20723'})",frozenset({'20719'}),0.010077220077220077,0.7767857142857143,23.865658362989326
"frozenset({'20719', '20724'})","frozenset({'22355', '20723'})",0.010077220077220077,0.514792899408284,31.897454771948695
"frozenset({'20719', '22355'})","frozenset({'20724', '20723'})",0.010077220077220077,0.5686274509803921,30.05602240896358
"frozenset({'20719', '20723'})","frozenset({'20724', '22355'})",0.010077220077220077,0.6397058823529412,32.48702422145329
"frozenset({'20724', '22355'})","frozenset({'20719', '20723'})",0.010077220077220077,0.5117647058823529,32.48702422145329
"frozenset({'20724', '20723'})","frozenset({'20719', '22355'})",0.010077220077220077,0.5326530612244897,30.05602240896358
"frozenset({'22355', '20723'})","frozenset({'20719', '20724'})",0.010077220077220077,0.6244019138755981,31.8974547719487
"frozenset({'22411', '22386', '85099B'})",frozenset({'21931'}),0.010386100386100387,0.7078947368421054,15.26600639817696
"frozenset({'22411', '22386', '21931'})",frozenset({'85099B'}),0.010386100386100387,0.867741935483871,10.526705446853518
"frozenset({'22411', '85099B', '21931'})",frozenset({'22386'}),0.010386100386100387,0.6879795396419438,14.474955383205804
"frozenset({'22386', '85099B', '21931'})",frozenset({'22411'}),0.010386100386100387,0.6466346153846153,14.109382088004665
"frozenset({'22411', '22386'})","frozenset({'85099B', '21931'})",0.010386100386100387,0.5699152542372882,20.13752399010336
"frozenset({'22411', '21931'})","frozenset({'22386', '85099B'})",0.010386100386100387,0.5123809523809524,15.931172468987596
"frozenset({'22386', '21931'})","frozenset({'22411', '85099B'})",0.010386100386100387,0.5193050193050193,19.692532942898975
"frozenset({'22697', '22423', '22699'})",frozenset({'22698'}),0.0116988416988417,0.7354368932038836,23.750393433891006
"frozenset({'22697', '22423', '22698'})",frozenset({'22699'}),0.0116988416988417,0.8757225433526012,20.251083815028903
"frozenset({'22697', '22699', '22698'})",frozenset({'22423'}),0.0116988416988417,0.551912568306011,6.581277863317535
"frozenset({'22423', '22699', '22698'})",frozenset({'22697'}),0.0116988416988417,0.8991097922848665,22.031167095721894
"frozenset({'22697', '22423'})","frozenset({'22699', '22698'})",0.0116988416988417,0.584942084942085,24.6742671009772
"frozenset({'22697', '22698'})","frozenset({'22423', '22699'})",0.0116988416988417,0.4704968944099379,22.69249453485548
"frozenset({'22423', '22699'})","frozenset({'22697', '22698'})",0.0116988416988417,0.5642458100558659,22.692494534855477
"frozenset({'22423', '22698'})","frozenset({'22697', '22699'})",0.0116988416988417,0.7537313432835822,24.900053304904052
"frozenset({'22699', '22698'})","frozenset({'22697', '22423'})",0.0116988416988417,0.49348534201954397,24.674267100977197
